CVDBB_bbands_length,CVDBB_bbands_stddev,CVDBB_cvd_length,CVDBB_atr_length,CVDBB_sl_coef,CVDBB_tpsl_ratio,period,end_value,total_return_pct,benchmark_return_pct,total_fees_paid,max_drawdown_pct,max_drawdown_duration,total_trades,win_rate_pct,best_trade_pct,worst_trade_pct,avg_winning_trade_pct,avg_losing_trade_pct,profit_factor,expectancy,sharpe_ratio,calmar_ratio,omega_ratio,sortino_ratio
76,5.327500,45,11,2.779691,4.193700,218 days 10:00:00,861.273569,-13.872643,-50.755473,12.247692,18.670393,125 days 12:00:00,41,12.500000,25.877308,-9.683651,13.362184,-3.475618,0.549007,-3.638882,-1.785310,-1.182965,0.921016,-2.527556
107,2.349912,45,14,2.866176,4.202230,218 days 10:00:00,928.133998,-7.186600,-50.755473,9.300587,14.959196,212 days 14:00:00,34,15.151515,40.107794,-6.026611,21.228123,-3.383366,0.692517,-2.413012,-0.922484,-0.783311,0.963805,-1.269085
27,2.072046,36,12,2.721999,4.877105,218 days 10:00:00,842.238318,-15.776168,-50.755473,14.154789,23.489209,194 days 21:00:00,47,10.869565,20.820809,-8.228704,14.508671,-3.430150,0.556305,-3.664918,-1.772471,-1.061878,0.939824,-2.430496
88,5.472740,35,6,2.304242,4.049513,218 days 10:00:00,772.717550,-22.728245,-50.755473,13.426199,29.012853,214 days 00:00:00,42,7.317073,26.299074,-8.897338,15.702706,-2.981976,0.276387,-5.691589,-3.178218,-1.206588,0.857666,-4.115772
113,3.019302,44,16,2.046666,4.947511,218 days 10:00:00,924.593635,-7.540636,-50.755473,17.570034,13.879384,134 days 09:00:00,43,14.285714,18.067086,-6.908770,10.788471,-2.662528,0.751314,-2.011007,-0.725861,-0.884746,0.964457,-1.019713
86,2.317123,53,19,2.382462,4.966462,218 days 10:00:00,953.373701,-4.662630,-50.755473,14.541614,15.060392,170 days 00:00:00,40,15.384615,35.899875,-5.152236,14.285460,-2.925862,0.834824,-1.364452,-0.440762,-0.509234,0.981572,-0.630913
27,5.009791,41,13,2.170524,3.130103,218 days 10:00:00,712.118581,-28.788142,-50.755473,28.391304,28.945273,216 days 18:00:00,82,14.814815,15.565499,-6.270976,8.604230,-2.672135,0.505764,-3.570139,-2.925381,-1.495861,0.887771,-3.993984
113,5.379712,52,8,2.385417,3.031933,218 days 10:00:00,850.500917,-14.949908,-50.755473,12.670241,18.308080,212 days 14:00:00,37,13.888889,9.561705,-8.936009,6.526754,-3.123433,0.445750,-4.358102,-2.143420,-1.294954,0.879193,-2.859007
108,2.843589,41,6,2.609997,4.666390,218 days 10:00:00,837.071539,-16.292846,-50.755473,13.065227,16.650774,212 days 14:00:00,39,10.256410,17.025239,-10.668690,11.624780,-3.336700,0.490773,-4.177653,-2.164676,-1.544105,0.893496,-2.957365
102,3.368712,52,7,2.662522,3.623422,218 days 10:00:00,860.967407,-13.903259,-50.755473,10.330188,17.042085,213 days 20:00:00,34,12.121212,11.433640,-10.579175,8.582424,-3.621538,0.455727,-4.378288,-1.972682,-1.298708,0.898208,-2.708069
78,3.913486,52,10,2.775133,4.878998,218 days 10:00:00,835.272564,-16.472744,-50.755473,8.092082,21.477336,214 days 00:00:00,31,6.666667,32.948709,-10.323114,27.044255,-3.822486,0.324475,-5.662460,-2.501136,-1.209515,0.900029,-3.347173
124,4.092650,50,18,2.326541,4.140888,218 days 10:00:00,854.679155,-14.532084,-50.755473,13.229108,18.590161,212 days 14:00:00,37,11.111111,11.965400,-7.592671,9.511127,-2.787392,0.473220,-4.264857,-1.887149,-1.241558,0.895491,-2.592233
145,5.364102,55,16,2.388677,3.542698,218 days 10:00:00,806.035753,-19.396425,-50.755473,10.236983,19.584323,212 days 00:00:00,30,6.666667,7.936738,-7.588040,7.242451,-3.020520,0.244596,-6.465475,-3.437973,-1.544908,0.771062,-4.433096
48,3.248637,47,9,2.140924,4.604394,218 days 10:00:00,896.307472,-10.369253,-50.755473,24.061506,18.464489,111 days 05:00:00,59,15.517241,17.807082,-7.684152,10.248673,-2.856429,0.772990,-1.890967,-0.906136,-0.905425,0.962983,-1.302735
113,5.454104,35,5,2.198716,3.011044,218 days 10:00:00,942.281024,-5.771898,-50.755473,14.329176,12.376684,212 days 14:00:00,38,21.621622,12.164963,-7.211307,6.833161,-2.942656,0.756863,-1.776954,-0.746533,-0.764138,0.956909,-1.039201
139,4.474001,37,15,2.790176,4.211920,218 days 10:00:00,876.547116,-12.345288,-50.755473,9.850864,12.952111,209 days 14:00:00,33,12.121212,18.833861,-8.896553,14.988753,-3.427119,0.548098,-3.740996,-1.747980,-1.525908,0.912050,-2.330867
127,4.278770,41,14,2.850039,3.898901,218 days 10:00:00,843.390722,-15.660928,-50.755473,9.191399,15.950567,212 days 14:00:00,31,9.677419,24.622046,-8.935767,15.500690,-3.429829,0.396179,-5.051912,-2.319050,-1.552984,0.896217,-3.055996
72,3.297864,39,5,2.729606,4.275115,218 days 10:00:00,894.954836,-10.504516,-50.755473,12.880256,18.551498,125 days 12:00:00,41,14.634146,25.029972,-10.633951,13.410484,-3.805318,0.686551,-2.562077,-1.254943,-0.912494,0.944203,-1.773234
59,3.652752,39,15,2.971712,4.697828,218 days 10:00:00,860.909472,-13.909053,-50.755473,11.654068,20.120736,214 days 19:00:00,43,11.904762,24.107365,-9.770529,16.582065,-3.927582,0.588714,-3.337234,-1.740203,-1.100430,0.931087,-2.448743
114,2.825947,48,9,2.493796,4.045466,218 days 10:00:00,960.129959,-3.987004,-50.755473,11.501758,10.863183,134 days 09:00:00,34,18.181818,10.051821,-9.472216,8.832600,-3.756241,0.830039,-1.376480,-0.469397,-0.605092,0.977823,-0.684656
114,2.088967,47,19,2.201719,4.791527,218 days 10:00:00,881.268192,-11.873181,-50.755473,17.172549,21.245401,160 days 12:00:00,47,13.043478,11.682768,-7.105957,10.094030,-3.115258,0.676690,-2.722267,-1.228167,-0.896206,0.949406,-1.743729
76,3.971465,38,5,2.907566,3.498584,218 days 10:00:00,921.623003,-7.837700,-50.755473,8.665539,15.113212,214 days 19:00:00,31,16.666667,30.555675,-11.320726,20.199077,-3.672179,0.655864,-2.653721,-1.152168,-0.843647,0.952237,-1.584258
39,4.644429,38,17,2.942854,4.197731,218 days 10:00:00,867.198401,-13.280160,-50.755473,10.516928,17.194181,130 days 15:00:00,38,10.810811,19.809828,-8.084280,15.750274,-3.694032,0.491462,-4.251811,-1.633226,-1.232316,0.941524,-2.203471
110,5.081637,44,7,2.808120,4.266808,218 days 10:00:00,857.441068,-14.255893,-50.755473,11.635820,18.039296,177 days 17:00:00,37,11.111111,24.796037,-11.152221,15.316369,-3.371428,0.492948,-4.126421,-2.012091,-1.256420,0.904998,-2.710726
52,4.812852,46,10,2.416510,4.766561,218 days 10:00:00,778.077254,-22.192275,-50.755473,17.711303,25.039508,214 days 19:00:00,54,9.433962,20.234146,-8.535704,13.645935,-3.158187,0.468768,-4.320511,-2.637440,-1.367897,0.886997,-3.673863
143,5.136320,41,20,2.906828,3.544264,218 days 10:00:00,851.702433,-14.829757,-50.755473,8.375471,15.180123,198 days 18:00:00,29,10.344828,13.055979,-8.809430,11.512468,-3.553269,0.387699,-5.113709,-2.562647,-1.549917,0.850315,-3.375644
86,2.001821,47,15,2.860731,3.013904,218 days 10:00:00,794.349667,-20.565033,-50.755473,11.271237,23.158886,214 days 00:00:00,44,11.627907,8.268337,-9.766751,7.583713,-4.038311,0.371546,-4.941248,-2.808066,-1.379061,0.893901,-3.889611
51,3.460939,39,12,2.692436,3.538825,218 days 10:00:00,811.691127,-18.830887,-50.755473,15.815262,21.348144,130 days 14:00:00,52,13.725490,17.283682,-9.234838,11.985002,-3.417942,0.536188,-3.673242,-2.206523,-1.378869,0.917231,-2.976738
103,2.589019,43,12,2.403836,3.129784,218 days 10:00:00,872.327722,-12.767228,-50.755473,14.161343,13.973402,214 days 00:00:00,39,15.789474,16.963099,-8.637168,8.753777,-3.116365,0.550696,-3.566498,-1.695813,-1.460498,0.925891,-2.252248
76,2.864066,41,14,2.497249,3.601757,218 days 10:00:00,920.163305,-7.983669,-50.755473,9.440793,12.330403,214 days 19:00:00,30,16.666667,29.001442,-8.920395,13.930256,-3.396079,0.658846,-2.661223,-1.156581,-1.052765,0.947074,-1.591609
80,2.129104,51,5,2.976615,3.822074,218 days 10:00:00,769.599683,-23.040032,-50.755473,9.356363,25.487721,214 days 00:00:00,39,5.263158,10.922800,-12.577818,9.011119,-4.529134,0.203505,-6.600766,-3.540408,-1.390639,0.872851,-4.748854
125,3.207749,35,11,2.239562,3.289790,218 days 10:00:00,878.707308,-12.129269,-50.755473,14.719717,16.455800,212 days 14:00:00,43,16.666667,13.777467,-7.237016,8.211643,-3.003069,0.597364,-3.045579,-1.600343,-1.180922,0.915053,-2.229579
114,5.449777,38,16,2.080853,3.739309,218 days 10:00:00,797.809852,-20.219015,-50.755473,14.355476,20.653376,212 days 14:00:00,37,8.333333,13.487594,-6.579708,9.093836,-2.506462,0.314338,-5.654341,-2.618274,-1.522334,0.863107,-3.411689
62,3.287241,54,5,2.983423,3.797649,218 days 10:00:00,855.780875,-14.421912,-50.755473,7.758154,20.536641,129 days 16:00:00,31,10.000000,31.144571,-11.613468,17.190299,-4.595167,0.405648,-4.998695,-2.131888,-1.115810,0.920341,-2.893633
136,4.794208,43,19,2.320780,3.373037,218 days 10:00:00,849.033420,-15.096658,-50.755473,13.569982,17.339897,212 days 00:00:00,37,13.513514,13.508218,-7.102579,8.410298,-2.758908,0.486158,-4.080178,-2.087655,-1.379938,0.878800,-2.839384
27,4.068125,38,17,2.016588,4.024186,218 days 10:00:00,707.977980,-29.202202,-50.755473,32.627525,31.498446,216 days 17:00:00,87,12.790698,12.979148,-5.417053,9.045456,-2.470056,0.539555,-3.386724,-2.717365,-1.392068,0.890525,-3.733485
44,4.258105,54,7,2.940523,3.795144,218 days 10:00:00,878.802236,-12.119776,-50.755473,10.592386,18.921619,215 days 22:00:00,42,14.634146,21.335667,-10.855418,15.375282,-4.295449,0.606227,-3.086585,-1.620402,-1.026258,0.938007,-2.221959
106,4.931985,45,11,2.341066,3.226947,218 days 10:00:00,834.154200,-16.584580,-50.755473,12.441286,19.266879,212 days 14:00:00,36,11.428571,16.106305,-8.563891,9.907945,-2.831309,0.381994,-4.960473,-2.232569,-1.356873,0.887361,-2.916005
55,5.070688,37,11,2.228550,3.349910,218 days 10:00:00,869.635651,-13.036435,-50.755473,21.789356,19.032089,214 days 19:00:00,61,18.333333,17.717216,-7.768780,9.576986,-2.837035,0.686242,-2.301895,-1.319362,-1.093846,0.942105,-1.847363
145,3.808226,51,20,2.241852,3.186206,218 days 10:00:00,808.096320,-19.190368,-50.755473,12.211970,20.106097,198 days 18:00:00,33,9.090909,8.740838,-6.931819,6.695080,-2.725488,0.295427,-5.815263,-3.045349,-1.489984,0.790620,-4.006935
93,5.151463,43,16,2.278871,4.400716,218 days 10:00:00,804.529370,-19.547063,-50.755473,15.518403,23.751485,214 days 00:00:00,44,9.302326,13.173130,-7.681263,11.373893,-2.715977,0.410521,-4.727301,-2.486383,-1.283021,0.885472,-3.353168
27,4.997135,35,20,2.642032,3.168280,218 days 10:00:00,825.486353,-17.451365,-50.755473,20.043404,22.834831,130 days 22:00:00,64,17.460317,18.237078,-6.731394,10.270917,-3.153866,0.635329,-2.786826,-1.861981,-1.200830,0.930439,-2.534235
60,5.144940,54,12,2.580687,3.744566,218 days 10:00:00,803.245045,-19.675495,-50.755473,13.268719,23.422910,214 days 19:00:00,46,11.111111,14.354944,-8.865440,11.741815,-3.442063,0.434054,-4.488983,-2.423888,-1.308934,0.897468,-3.249501
123,5.407823,52,13,2.160808,4.097468,218 days 10:00:00,837.026003,-16.297400,-50.755473,12.975638,17.360780,212 days 14:00:00,34,9.090909,11.270886,-7.550244,8.609076,-2.698867,0.377977,-5.194063,-2.249351,-1.481345,0.871760,-3.025393
59,4.281864,43,10,2.175925,3.036151,218 days 10:00:00,851.386861,-14.861314,-50.755473,19.357079,18.534536,214 days 19:00:00,52,17.647059,11.562712,-7.695856,6.897913,-2.912939,0.591097,-3.076049,-1.707282,-1.271965,0.920844,-2.377674
45,2.625879,42,18,2.849223,4.315226,218 days 10:00:00,801.682282,-19.831772,-50.755473,14.855755,21.314425,214 days 19:00:00,54,11.320755,20.458883,-9.005630,13.148527,-3.742796,0.512713,-3.877672,-2.355113,-1.448987,0.914435,-3.285978
72,2.327862,53,5,2.636333,3.500924,218 days 10:00:00,895.695721,-10.430428,-50.755473,12.881080,17.894775,214 days 19:00:00,43,16.666667,33.281115,-7.638935,15.676054,-3.544707,0.655506,-2.636192,-1.333788,-0.939558,0.947926,-1.870377
62,5.426125,53,18,2.892047,4.262277,218 days 10:00:00,874.776702,-12.522330,-50.755473,10.936358,18.847748,129 days 16:00:00,40,12.820513,26.574284,-9.123703,16.614101,-3.761889,0.590156,-3.340172,-1.705928,-1.062958,0.925582,-2.293992
45,3.759230,49,6,2.492518,3.390486,218 days 10:00:00,894.363102,-10.563690,-50.755473,14.793874,15.866291,177 days 17:00:00,46,17.777778,17.174110,-9.394637,9.093813,-3.700775,0.686679,-2.503675,-1.200621,-1.072708,0.952393,-1.681821
72,2.982703,37,17,2.768554,3.087208,218 days 10:00:00,893.632795,-10.636720,-50.755473,13.781431,17.557843,125 days 12:00:00,44,18.604651,18.852018,-9.171324,10.720130,-3.321078,0.663348,-2.597208,-1.283653,-0.975809,0.942083,-1.785441
116,3.644806,48,16,2.914864,3.740317,218 days 10:00:00,842.436337,-15.756366,-50.755473,10.105938,19.032200,212 days 14:00:00,35,11.428571,13.234143,-9.797060,10.604283,-3.509047,0.441340,-4.501819,-2.463893,-1.309002,0.869900,-3.302160
61,5.249115,51,13,2.552765,4.144585,218 days 10:00:00,799.874540,-20.012546,-50.755473,14.805260,24.475333,214 days 19:00:00,48,10.638298,15.572540,-8.644096,10.392692,-3.277599,0.446995,-4.367317,-2.501326,-1.272489,0.889741,-3.378956
121,2.263712,55,16,2.190911,3.536950,218 days 10:00:00,796.445913,-20.355409,-50.755473,16.137724,20.924652,134 days 09:00:00,44,11.363636,9.271530,-7.141642,7.355557,-2.977821,0.434205,-4.626229,-2.457281,-1.511953,0.897988,-3.279639
42,3.948804,37,7,2.570061,3.194353,218 days 10:00:00,864.098458,-13.590154,-50.755473,11.628904,18.132905,214 days 19:00:00,40,15.384615,22.015075,-8.883344,14.034399,-3.593867,0.547525,-3.519391,-1.594858,-1.194453,0.942566,-2.149192
71,5.465188,36,20,2.254164,3.590581,218 days 10:00:00,837.224531,-16.277547,-50.755473,17.580504,24.939953,214 days 19:00:00,50,14.285714,17.630410,-7.172459,10.642940,-2.629053,0.544553,-3.445881,-1.781906,-1.029988,0.916109,-2.434304
41,4.970344,43,14,2.702484,3.718982,218 days 10:00:00,873.116432,-12.688357,-50.755473,13.674030,17.314323,129 days 16:00:00,46,15.555556,25.229020,-7.875591,14.198487,-3.444363,0.644673,-2.803210,-1.478205,-1.171737,0.942737,-2.034180
66,4.832764,37,17,2.256207,4.223027,218 days 10:00:00,854.281590,-14.571841,-50.755473,17.140297,19.012333,214 days 19:00:00,47,13.043478,21.027079,-7.236021,11.902616,-2.796799,0.585635,-3.301937,-1.469369,-1.217134,0.937856,-2.031903
31,3.755307,47,16,2.194274,3.141882,218 days 10:00:00,899.957908,-10.004209,-50.755473,25.314453,15.287375,124 days 05:00:00,66,21.538462,16.588510,-8.374546,7.893961,-2.812999,0.796325,-1.514731,-0.931159,-1.056467,0.961990,-1.304625
40,2.177690,53,18,2.337995,3.751166,218 days 10:00:00,829.942747,-17.005725,-50.755473,21.512649,19.288539,215 days 22:00:00,65,15.625000,26.957545,-7.407717,10.431184,-3.093496,0.644484,-2.748814,-1.691651,-1.387601,0.938428,-2.344536
56,4.023980,53,6,2.465598,4.085289,218 days 10:00:00,876.370075,-12.362992,-50.755473,14.444452,21.620242,177 days 17:00:00,43,14.285714,14.802731,-9.294254,9.896417,-3.546524,0.633053,-3.000722,-1.276222,-0.915383,0.942728,-1.773843
46,4.067916,51,17,2.037348,4.645201,218 days 10:00:00,761.860910,-23.813909,-50.755473,20.785851,27.672229,215 days 22:00:00,55,9.259259,15.485344,-7.373397,10.648013,-2.721504,0.433079,-4.521856,-2.801667,-1.319928,0.877979,-3.800625
131,2.444712,35,10,2.827869,3.543086,218 days 10:00:00,796.985300,-20.301470,-50.755473,8.592929,20.988427,212 days 14:00:00,33,6.250000,8.570024,-9.162705,8.282524,-4.326856,0.231701,-6.495384,-3.181350,-1.503672,0.873510,-4.185982
29,3.600428,40,16,2.051682,4.062709,218 days 10:00:00,821.408195,-17.859181,-50.755473,27.798847,23.277540,216 days 17:00:00,73,15.277778,18.042048,-5.606450,9.869252,-2.537845,0.664258,-2.501771,-1.534126,-1.203691,0.940787,-2.134696
123,4.231005,54,19,2.132745,4.939074,218 days 10:00:00,747.195402,-25.280460,-50.755473,15.007998,25.389442,212 days 14:00:00,40,5.000000,9.660821,-6.879101,8.988998,-2.598116,0.249218,-6.320115,-3.524476,-1.518505,0.815701,-4.569284
54,2.143736,53,14,2.438971,3.156913,218 days 10:00:00,807.578435,-19.242156,-50.755473,22.538362,26.268507,146 days 11:00:00,66,16.923077,11.768528,-8.397749,7.895727,-3.317019,0.621829,-2.994287,-1.970565,-1.143299,0.927275,-2.697937
114,5.369269,43,9,2.688500,3.116387,218 days 10:00:00,890.666732,-10.933327,-50.755473,11.542338,13.168152,212 days 14:00:00,35,17.142857,18.524972,-10.203957,9.944789,-3.260973,0.597857,-3.123808,-1.587216,-1.335967,0.923576,-2.150908
25,3.548233,50,14,2.182866,4.869228,218 days 10:00:00,935.302650,-6.469735,-50.755473,17.362975,15.286785,125 days 12:00:00,47,15.217391,24.091982,-8.060602,14.997878,-2.914183,0.810720,-1.544447,-0.521633,-0.691792,0.980155,-0.746842
40,3.808437,39,5,2.611721,3.839200,218 days 10:00:00,935.468851,-6.453115,-50.755473,12.699267,16.710013,130 days 14:00:00,40,17.948718,30.117349,-9.616409,16.358808,-3.765837,0.797684,-1.637961,-0.701727,-0.631281,0.973790,-0.997871
50,3.245904,39,16,2.120165,3.683759,218 days 10:00:00,906.770831,-9.322917,-50.755473,27.304376,16.640605,130 days 10:00:00,68,19.402985,13.262240,-6.906104,9.210178,-2.661139,0.821126,-1.372552,-0.793197,-0.906647,0.966740,-1.127680
93,2.329549,48,16,2.979511,3.350661,218 days 10:00:00,831.495241,-16.850476,-50.755473,10.651288,21.835463,164 days 04:00:00,41,12.500000,13.336989,-10.269479,9.761290,-4.209048,0.457612,-4.383992,-2.328196,-1.215258,0.912053,-3.193912
114,4.671775,55,20,2.473472,3.346404,218 days 10:00:00,826.632412,-17.336759,-50.755473,10.708747,18.003501,212 days 14:00:00,33,9.375000,10.308021,-7.861384,9.372944,-3.018651,0.324548,-5.588078,-2.430322,-1.513722,0.875131,-3.227355
125,3.394767,44,18,2.949146,4.773361,218 days 10:00:00,927.097832,-7.290217,-50.755473,6.570351,10.398689,177 days 17:00:00,22,9.523810,29.749939,-5.712813,21.161944,-3.175531,0.475874,-4.555740,-1.229795,-1.142677,0.947414,-1.613197
119,2.053566,53,8,2.503136,4.712980,218 days 10:00:00,900.260101,-9.973990,-50.755473,9.889748,16.279649,177 days 17:00:00,30,10.344828,11.506100,-5.763391,10.999793,-3.241405,0.522296,-4.156280,-1.367930,-0.989183,0.942613,-1.910127
133,2.570270,50,9,2.642419,3.053023,218 days 10:00:00,853.131395,-14.686860,-50.755473,9.859315,15.418129,212 days 14:00:00,33,12.500000,29.484232,-9.745372,12.430177,-3.670075,0.398936,-4.803016,-2.366519,-1.512077,0.890794,-3.153831
56,5.290806,46,20,2.388170,4.286576,218 days 10:00:00,791.148313,-20.885169,-50.755473,17.690549,23.741274,125 days 12:00:00,50,10.204082,16.789679,-7.374197,11.808966,-2.903301,0.459167,-4.409332,-2.432899,-1.364513,0.888307,-3.343895
85,3.909659,39,5,2.625940,4.640854,218 days 10:00:00,1012.044698,1.204470,-50.755473,10.679837,9.494046,125 days 12:00:00,32,19.354839,28.356130,-11.107805,16.578834,-3.470734,1.043222,0.340464,0.218228,0.212863,1.010343,0.318239
98,2.723395,47,12,2.214589,3.754518,218 days 10:00:00,826.182058,-17.381794,-50.755473,15.257833,20.146089,213 days 19:00:00,43,11.904762,9.566868,-7.965061,8.121329,-3.088510,0.470830,-4.268395,-2.186521,-1.356021,0.901308,-2.941260
139,4.163889,51,17,2.655723,3.770793,218 days 10:00:00,856.288090,-14.371191,-50.755473,9.274735,14.371191,212 days 15:00:00,29,10.344828,12.523299,-8.308751,9.844455,-3.275393,0.405702,-4.955583,-2.489853,-1.589196,0.843235,-3.307179
114,3.192186,53,14,2.281855,3.236330,218 days 10:00:00,792.544269,-20.745573,-50.755473,14.429135,21.669314,212 days 14:00:00,41,10.000000,9.315498,-7.858635,6.761705,-2.860726,0.334800,-5.360979,-2.908209,-1.485780,0.847845,-3.860247
138,4.201300,38,9,2.417946,4.935161,218 days 10:00:00,876.770194,-12.322981,-50.755473,10.587278,14.612209,172 days 10:00:00,30,10.000000,15.716762,-7.774601,14.195548,-3.026420,0.515671,-4.107660,-1.607505,-1.350214,0.920240,-2.177643
34,3.482148,37,8,2.990505,3.825235,218 days 10:00:00,791.442411,-20.855759,-50.755473,11.713951,23.490790,216 days 17:00:00,45,9.090909,21.279999,-9.606599,16.134946,-3.892856,0.369993,-5.142821,-2.801032,-1.377275,0.903295,-3.749958
137,4.717445,39,6,2.238597,4.359690,218 days 10:00:00,836.295239,-16.370476,-50.755473,13.198414,16.947466,203 days 14:00:00,33,9.090909,14.678851,-6.757487,11.761389,-2.673312,0.408982,-4.960750,-2.281445,-1.523865,0.875312,-3.003633
113,2.833827,51,11,2.534327,3.993122,218 days 10:00:00,854.476974,-14.552303,-50.755473,12.857982,17.569118,213 days 17:00:00,41,12.500000,13.297760,-9.526021,9.524047,-3.477601,0.514867,-3.822925,-1.948511,-1.315443,0.902195,-2.684617
110,3.041723,53,13,2.389202,3.021675,218 days 10:00:00,839.814365,-16.018564,-50.755473,14.277446,16.949960,212 days 14:00:00,42,14.634146,9.171781,-8.337721,6.438252,-3.079604,0.476909,-4.078393,-2.261431,-1.492824,0.875624,-3.079108
43,2.319503,41,13,2.956801,4.353540,218 days 10:00:00,931.598418,-6.840158,-50.755473,10.074761,14.135231,111 days 05:00:00,39,15.789474,23.026100,-10.382024,15.981294,-4.385806,0.769476,-1.866202,-0.797215,-0.789964,0.971901,-1.117539
107,3.725590,50,8,2.448446,3.586422,218 days 10:00:00,833.245145,-16.675485,-50.755473,12.276020,20.611994,213 days 20:00:00,37,11.111111,10.989380,-9.504266,8.104171,-3.174303,0.403038,-4.766149,-2.347035,-1.274849,0.876994,-3.229512
76,4.353815,38,13,2.946195,4.562592,218 days 10:00:00,909.065876,-9.093412,-50.755473,8.771791,16.052850,214 days 19:00:00,32,12.903226,30.895170,-9.960904,20.562247,-3.690604,0.633073,-2.969651,-1.216058,-0.917451,0.950736,-1.692048
133,5.258252,41,11,2.995931,3.111742,218 days 10:00:00,858.781022,-14.121898,-50.755473,8.649153,14.300902,177 days 17:00:00,31,12.903226,20.963711,-9.423193,12.713763,-3.676400,0.438033,-4.555451,-2.273436,-1.570730,0.893931,-3.012294
111,3.910705,45,7,2.117067,3.285983,218 days 10:00:00,895.976462,-10.402354,-50.755473,14.721475,13.421400,212 days 14:00:00,37,16.666667,26.977666,-8.432368,9.802765,-2.629346,0.589679,-3.148567,-1.337495,-1.249467,0.931174,-1.805071
82,4.163763,40,14,2.084107,4.401938,218 days 10:00:00,898.707374,-10.129263,-50.755473,15.949708,14.137882,214 days 19:00:00,41,14.634146,19.952841,-6.975263,11.682487,-2.600476,0.688116,-2.470552,-1.099068,-1.156130,0.949872,-1.524585
33,4.876510,36,14,2.081349,3.169675,218 days 10:00:00,712.676645,-28.732336,-50.755473,30.746549,30.127525,216 days 17:00:00,82,14.814815,10.669759,-5.900469,6.978581,-2.540722,0.513375,-3.569373,-2.899764,-1.434696,0.883676,-3.937686
32,3.309948,35,7,2.880360,3.473370,218 days 10:00:00,829.782378,-17.021762,-50.755473,11.522560,19.893507,216 days 17:00:00,43,11.904762,19.442300,-9.484850,11.143550,-3.889436,0.438702,-4.492821,-2.192248,-1.346592,0.919160,-3.021787
113,4.071611,38,11,2.376260,3.167001,218 days 10:00:00,833.909632,-16.609037,-50.755473,12.053495,17.012215,212 days 14:00:00,35,11.764706,13.517505,-7.672644,8.036539,-2.962303,0.388792,-4.922613,-2.462119,-1.538829,0.872324,-3.232010
132,3.954415,44,17,2.906354,3.222395,218 days 10:00:00,861.246432,-13.875357,-50.755473,9.009399,14.028123,212 days 14:00:00,31,12.903226,28.640179,-9.585367,16.982463,-3.371881,0.445987,-4.475922,-2.270987,-1.574731,0.893439,-2.953552
69,2.039738,54,7,2.118818,3.235052,218 days 10:00:00,901.937818,-9.806218,-50.755473,22.846233,15.083328,214 days 19:00:00,64,20.634921,26.939925,-7.904274,9.191662,-3.005477,0.773245,-1.678584,-0.870161,-1.050306,0.965769,-1.217564
63,4.611157,47,13,2.237506,3.800446,218 days 10:00:00,778.284457,-22.171554,-50.755473,16.818861,26.135256,214 days 19:00:00,49,10.416667,13.006862,-7.585624,8.787677,-2.884375,0.396490,-4.725825,-2.615591,-1.309427,0.884300,-3.579021
137,2.290120,35,16,2.223596,4.926445,218 days 10:00:00,856.029732,-14.397027,-50.755473,11.832570,18.269396,203 days 14:00:00,34,9.090909,34.074381,-7.446338,17.413091,-3.001115,0.455553,-4.553165,-1.818698,-1.252233,0.924764,-2.455119
69,5.394576,49,16,2.891143,4.055402,218 days 10:00:00,864.309078,-13.569092,-50.755473,11.157824,19.352556,214 days 19:00:00,40,12.820513,14.239758,-9.371441,10.316841,-3.813311,0.543640,-3.635212,-1.863594,-1.117526,0.911779,-2.620101
125,2.885466,53,15,2.969303,4.046196,218 days 10:00:00,922.931695,-7.706831,-50.755473,8.381221,11.967744,164 days 04:00:00,29,14.285714,40.334915,-5.685554,21.847811,-3.312487,0.634734,-2.979321,-1.167623,-1.048073,0.947796,-1.558357
73,4.435120,35,13,2.627558,4.168629,218 days 10:00:00,869.841935,-13.015806,-50.755473,11.661769,20.428201,214 days 19:00:00,40,12.820513,20.169140,-9.273192,14.775115,-3.524003,0.561628,-3.479901,-1.751805,-1.017553,0.924316,-2.367546
